shelter_id,name,mandal,district,facility_type,capacity,longitude,latitude,utm_easting,utm_northing,capacity_provenance,source_entity,retrieval_date
Andhra-CycloneShelters.86,Kothapatnam,Kota,Tirupati,DEDICATED_MPCS,1000,80.11756667,14.11338053,404748.90377029125,1560444.5568846802,OFFICIAL_DESIGN_STANDARD,APSAC / APSDMA / NCRMP Phase-I,2026-09-24T13:35:55.443072+00:00
Andhra-CycloneShelters.177,Chalivendra ST Colony,Muthukur,S.P.S.Nellore,DEDICATED_MPCS,1000,80.09696316,14.27324223,402593.1087152182,1578135.1466009328,OFFICIAL_DESIGN_STANDARD,APSAC / APSDMA / NCRMP Phase-I,2026-09-24T13:35:55.443072+00:00
Andhra-CycloneShelters.181,Utukuru,Vidvaluru,S.P.S.Nellore,DEDICATED_MPCS,1000,80.14152696,14.57394074,407524.49117060035,1611377.1569731156,OFFICIAL_DESIGN_STANDARD,APSAC / APSDMA / NCRMP Phase-I,2026-09-24T13:35:55.443072+00:00
Andhra-CycloneShelters.103,Pedapalem of Ponnapudi,Vidvaluru,S.P.S.Nellore,DEDICATED_MPCS,1000,80.13888056,14.69663054,407290.93794783344,1624949.186782199,OFFICIAL_DESIGN_STANDARD,APSAC / APSDMA / NCRMP Phase-I,2026-09-24T13:35:55.443072+00:00
Andhra-CycloneShelters.119,Chakicherla,Ulavapadu,S.P.S.Nellore,DEDICATED_MPCS,1000,80.03663889,15.12009999,396485.276622782,1671836.666894987,OFFICIAL_DESIGN_STANDARD,APSAC / APSDMA / NCRMP Phase-I,2026-09-24T13:35:55.443072+00:00
Andhra-CycloneShelters.120,Alagayyapalem of Karedu,Ulavapadu,S.P.S.Nellore,DEDICATED_MPCS,1000,80.05477778,15.14869721,398448.1117428369,1674991.5889182126,OFFICIAL_DESIGN_STANDARD,APSAC / APSDMA / NCRMP Phase-I,2026-09-24T13:35:55.443072+00:00
Andhra-CycloneShelters.122,Kothapallipalem  of Karedu,Ulavapadu,S.P.S.Nellore,DEDICATED_MPCS,1000,80.06274722,15.17401943,399316.3765998549,1677789.027977443,OFFICIAL_DESIGN_STANDARD,APSAC / APSDMA / NCRMP Phase-I,2026-09-24T13:35:55.443072+00:00
Andhra-CycloneShelters.166,Balakotaiah sangam,Ulavapadu,S.P.S.Nellore,DEDICATED_MPCS,1000,80.0300994,15.1595533,395801.8367859206,1676204.068187278,OFFICIAL_DESIGN_STANDARD,APSAC / APSDMA / NCRMP Phase-I,2026-09-24T13:35:55.443072+00:00
Andhra-CycloneShelters.117,Pakala Main,S. Konda,Prakasam,DEDICATED_MPCS,1000,80.07320833,15.27422777,400487.32754408877,1688869.2071740997,OFFICIAL_DESIGN_STANDARD,APSAC / APSDMA / NCRMP Phase-I,2026-09-24T13:35:55.443072+00:00
Andhra-CycloneShelters.165,Chellammagaripattapupalem,S. Konda,Prakasam,DEDICATED_MPCS,1000,80.08162652,15.26835359,401388.54019898444,1688215.57399809,OFFICIAL_DESIGN_STANDARD,APSAC / APSDMA / NCRMP Phase-I,2026-09-24T13:35:55.443072+00:00
Andhra-CycloneShelters.110,K.Pallipalem,Kothapatnam,Prakasam,DEDICATED_MPCS,1000,80.17532778,15.44285832,411524.0417771333,1707478.6025915297,OFFICIAL_DESIGN_STANDARD,APSAC / APSDMA / NCRMP Phase-I,2026-09-24T13:35:55.443072+00:00
Andhra-CycloneShelters.112,Padarthy,Kothapatnam,Prakasam,DEDICATED_MPCS,1000,80.18211944,15.46915832,412263.80436459184,1710385.0917088045,OFFICIAL_DESIGN_STANDARD,APSAC / APSDMA / NCRMP Phase-I,2026-09-24T13:35:55.443072+00:00
Andhra-CycloneShelters.113,Rangaiah Palem,Kothapatnam,Prakasam,DEDICATED_MPCS,1000,80.16977778,15.45123888,410932.14552676294,1708407.9406595263,OFFICIAL_DESIGN_STANDARD,APSAC / APSDMA / NCRMP Phase-I,2026-09-24T13:35:55.443072+00:00
Andhra-CycloneShelters.63,Suryalanka,Bapatla,Bapatla,DEDICATED_MPCS,1000,80.50843889,15.840925,447365.14199590456,1751401.1494777803,OFFICIAL_DESIGN_STANDARD,APSAC / APSDMA / NCRMP Phase-I,2026-09-24T13:35:55.443072+00:00
Andhra-CycloneShelters.154,Chinapuluguvaripalem,Karlapalem,Bapatla,DEDICATED_MPCS,1000,80.60980338,15.89927561,458231.1239072653,1757832.8207724777,OFFICIAL_DESIGN_STANDARD,APSAC / APSDMA / NCRMP Phase-I,2026-09-24T13:35:55.443072+00:00
Andhra-CycloneShelters.72,Pedapatnam,Machilipatnam,Krishna,DEDICATED_MPCS,1000,81.27113611,16.30218333,528965.3690001025,1802380.9213868494,OFFICIAL_DESIGN_STANDARD,APSAC / APSDMA / NCRMP Phase-I,2026-09-24T13:35:55.443072+00:00
Andhra-CycloneShelters.217,Urlagondtippa,Kruthivennu,Krishna,DEDICATED_MPCS,1000,81.41017503,16.34946412,543808.4981786669,1807635.9223402045,OFFICIAL_DESIGN_STANDARD,APSAC / APSDMA / NCRMP Phase-I,2026-09-24T13:35:55.443072+00:00
Andhra-CycloneShelters.29,Pallipalem,Sakinetipally,Kona Seema,DEDICATED_MPCS,1000,81.72741944,16.32782778,577701.3523010449,1805337.0852262096,OFFICIAL_DESIGN_STANDARD,APSAC / APSDMA / NCRMP Phase-I,2026-09-24T13:35:55.443072+00:00
Andhra-CycloneShelters.131,Sardupallipalem of Vemulaveedhi,Narasapur,West Godavari,DEDICATED_MPCS,1000,81.67760556,16.35059722,572371.7438807087,1807837.5998708778,OFFICIAL_DESIGN_STANDARD,APSAC / APSDMA / NCRMP Phase-I,2026-09-24T13:35:55.443072+00:00
Andhra-CycloneShelters.132,Chinmyavani Lanka,Narasapur,West Godavari,DEDICATED_MPCS,1000,81.68705278,16.34496667,573382.8984693013,1807218.104587078,OFFICIAL_DESIGN_STANDARD,APSAC / APSDMA / NCRMP Phase-I,2026-09-24T13:35:55.443072+00:00
Andhra-CycloneShelters.134,Veemuladeevi,Narasapur,West Godavari,DEDICATED_MPCS,1000,81.69730278,16.33956389,574479.7751982633,1806624.14484556,OFFICIAL_DESIGN_STANDARD,APSAC / APSDMA / NCRMP Phase-I,2026-09-24T13:35:55.443072+00:00
Andhra-CycloneShelters.188,Kapulakodapa,Narasapur,West Godavari,DEDICATED_MPCS,1000,81.69123175,16.3527843,573826.3281802456,1808084.4398267597,OFFICIAL_DESIGN_STANDARD,APSAC / APSDMA / NCRMP Phase-I,2026-09-24T13:35:55.443072+00:00
Andhra-CycloneShelters.30,Padamatipalem,Malkipuram,Kona Seema,DEDICATED_MPCS,1000,81.86358889,16.40141944,592212.9587564272,1813535.2280270064,OFFICIAL_DESIGN_STANDARD,APSAC / APSDMA / NCRMP Phase-I,2026-09-24T13:35:55.443072+00:00
Andhra-CycloneShelters.1,Gajapatinagaram,Payakaraopeta,Anakapalli,DEDICATED_MPCS,1000,82.59741667,17.29645001,669782.8433678384,1913054.1077639507,OFFICIAL_DESIGN_STANDARD,APSAC / APSDMA / NCRMP Phase-I,2026-09-24T13:35:55.443072+00:00
Andhra-CycloneShelters.138,Pentakota,Payakaraopeta,Anakapalli,DEDICATED_MPCS,1000,82.61363405,17.29686104,671506.5168256925,1913113.9616624126,OFFICIAL_DESIGN_STANDARD,APSAC / APSDMA / NCRMP Phase-I,2026-09-24T13:35:55.443072+00:00
Andhra-CycloneShelters.192,Panchadarla,Rambilli,Anakapalli,DEDICATED_MPCS,1000,82.89695209,17.47710813,701430.2193615097,1933338.0511877304,OFFICIAL_DESIGN_STANDARD,APSAC / APSDMA / NCRMP Phase-I,2026-09-24T13:35:55.443072+00:00
Andhra-CycloneShelters.140,Barripeta H\O Pathiwada,Pusapatirega,Vizianagaram,DEDICATED_MPCS,1000,83.625217,18.05390002,777906.8947157635,1998122.9333835526,OFFICIAL_DESIGN_STANDARD,APSAC / APSDMA / NCRMP Phase-I,2026-09-24T13:35:55.443072+00:00
Andhra-CycloneShelters.36,Jagannadapuram,Ranastalam,Srikakulam,DEDICATED_MPCS,1000,83.76104444,18.13989724,792151.8282625382,2007856.1514018478,OFFICIAL_DESIGN_STANDARD,APSAC / APSDMA / NCRMP Phase-I,2026-09-24T13:35:55.444097+00:00
Andhra-CycloneShelters.37,Ch. Kovvada,Ranastalam,Srikakulam,DEDICATED_MPCS,1000,83.73761944,18.12625835,789694.11978964,2006308.695961519,OFFICIAL_DESIGN_STANDARD,APSAC / APSDMA / NCRMP Phase-I,2026-09-24T13:35:55.444097+00:00
Andhra-CycloneShelters.49,Ragupalem,Laveru,Srikakulam,DEDICATED_MPCS,1000,83.76794722,18.16692502,792837.5997184835,2010860.267935954,OFFICIAL_DESIGN_STANDARD,APSAC / APSDMA / NCRMP Phase-I,2026-09-24T13:35:55.444097+00:00
Andhra-CycloneShelters.52,Kotha Mukkam,Ranastalam,Srikakulam,DEDICATED_MPCS,1000,83.78354167,18.14867502,794519.1028694089,2008864.1475909061,OFFICIAL_DESIGN_STANDARD,APSAC / APSDMA / NCRMP Phase-I,2026-09-24T13:35:55.444097+00:00
Andhra-CycloneShelters.142,Kotha Dibbalapalem,Etcherla,Srikakulam,DEDICATED_MPCS,1000,83.87598,18.19204002,804231.0751203191,2013817.5612810191,OFFICIAL_DESIGN_STANDARD,APSAC / APSDMA / NCRMP Phase-I,2026-09-24T13:35:55.444097+00:00
Andhra-CycloneShelters.143,Rallapeta,Etcherla,Srikakulam,DEDICATED_MPCS,1000,83.87342,18.18956002,803964.389143021,2013538.6499701706,OFFICIAL_DESIGN_STANDARD,APSAC / APSDMA / NCRMP Phase-I,2026-09-24T13:35:55.444097+00:00
Andhra-CycloneShelters.213,Bhagiradhapuram,Etcherla,Srikakulam,DEDICATED_MPCS,1000,83.86299216,18.1960961,802849.2327247022,2014245.2588752168,OFFICIAL_DESIGN_STANDARD,APSAC / APSDMA / NCRMP Phase-I,2026-09-24T13:35:55.444097+00:00
Andhra-CycloneShelters.211,srikurmamam,Gara,Srikakulam,DEDICATED_MPCS,1000,84.00516635,18.27033041,817764.3702978897,2022708.4913586213,OFFICIAL_DESIGN_STANDARD,APSAC / APSDMA / NCRMP Phase-I,2026-09-24T13:35:55.444097+00:00
Andhra-CycloneShelters.44,Calingapatnam,Gara,Srikakulam,DEDICATED_MPCS,1000,84.11685278,18.33376392,829463.1257051507,2029933.2913587308,OFFICIAL_DESIGN_STANDARD,APSAC / APSDMA / NCRMP Phase-I,2026-09-24T13:35:55.444097+00:00
Andhra-CycloneShelters.46,Bandravanipeta,Gara,Srikakulam,DEDICATED_MPCS,1000,84.12646111,18.32535836,830495.5700931908,2029019.6191251958,OFFICIAL_DESIGN_STANDARD,APSAC / APSDMA / NCRMP Phase-I,2026-09-24T13:35:55.444097+00:00
Andhra-CycloneShelters.60,MN Peta,Vajrapukothuru,Srikakulam,DEDICATED_MPCS,1000,84.43073889,18.66848892,861967.1004797877,2067618.8727549883,OFFICIAL_DESIGN_STANDARD,APSAC / APSDMA / NCRMP Phase-I,2026-09-24T13:35:55.444097+00:00
