instance_size,num_variables,seed,solver,objective_value,optimality_gap,raw_feasibility_rate,repaired_feasible,runtime_sec,circuit_depth,two_qubit_gates,evaluations_count
4x3,12,11,Exact_MILP,6053.88,0.0,1.0,True,0.03121,0.0,0.0,1
4x3,12,11,Random_Sampler,6123.87,69.99,0.004,True,0.06454,0.0,0.0,1000
4x3,12,11,Simulated_Annealing,6054.17,0.29,0.0,True,0.00606,0.0,0.0,684
4x3,12,11,QAOA_p1,6142.27,88.39,0.0088,True,0.768,19.0,0.0,20
4x3,12,23,Exact_MILP,6053.88,0.0,1.0,True,0.03502,0.0,0.0,1
4x3,12,23,Random_Sampler,6053.88,0.0,0.005,True,0.0795,0.0,0.0,1000
4x3,12,23,Simulated_Annealing,6054.17,0.29,0.0,True,0.00571,0.0,0.0,684
4x3,12,23,QAOA_p1,6123.87,69.99,0.0059,True,0.7108,19.0,0.0,18
4x3,12,37,Exact_MILP,6053.88,0.0,1.0,True,0.033,0.0,0.0,1
4x3,12,37,Random_Sampler,6072.28,18.4,0.002,True,0.06637,0.0,0.0,1000
4x3,12,37,Simulated_Annealing,6054.17,0.29,0.0,True,0.00569,0.0,0.0,684
4x3,12,37,QAOA_p1,6053.88,0.0,0.0107,True,0.6929,19.0,0.0,20
4x3,12,42,Exact_MILP,6053.88,0.0,1.0,True,0.03485,0.0,0.0,1
4x3,12,42,Random_Sampler,6053.88,0.0,0.003,True,0.07424,0.0,0.0,1000
4x3,12,42,Simulated_Annealing,6054.17,0.29,0.0,True,0.00648,0.0,0.0,684
4x3,12,42,QAOA_p1,6080.3,26.42,0.0029,True,0.754,19.0,0.0,19
4x3,12,59,Exact_MILP,6053.88,0.0,1.0,True,0.02823,0.0,0.0,1
4x3,12,59,Random_Sampler,6123.87,69.99,0.002,True,0.06301,0.0,0.0,1000
4x3,12,59,Simulated_Annealing,6054.17,0.29,0.0,True,0.00568,0.0,0.0,684
4x3,12,59,QAOA_p1,6072.28,18.4,0.0127,True,0.7724,19.0,0.0,20
4x3,12,71,Exact_MILP,6053.88,0.0,1.0,True,0.02866,0.0,0.0,1
4x3,12,71,Random_Sampler,6054.17,0.29,0.002,True,0.06967,0.0,0.0,1000
4x3,12,71,Simulated_Annealing,6054.17,0.29,0.0,True,0.00568,0.0,0.0,684
4x3,12,71,QAOA_p1,6123.87,69.99,0.001,True,0.8564,19.0,0.0,20
4x3,12,83,Exact_MILP,6053.88,0.0,1.0,True,0.02854,0.0,0.0,1
4x3,12,83,Random_Sampler,6054.17,0.29,0.001,True,0.06715,0.0,0.0,1000
4x3,12,83,Simulated_Annealing,6054.17,0.29,0.0,True,0.00566,0.0,0.0,684
4x3,12,83,QAOA_p1,6123.87,69.99,0.0,True,0.6729,19.0,0.0,20
4x3,12,97,Exact_MILP,6053.88,0.0,1.0,True,0.03592,0.0,0.0,1
4x3,12,97,Random_Sampler,6054.17,0.29,0.0,True,0.08076,0.0,0.0,1000
4x3,12,97,Simulated_Annealing,6054.17,0.29,0.0,True,0.00603,0.0,0.0,684
4x3,12,97,QAOA_p1,6054.17,0.29,0.0,True,0.6977,19.0,0.0,20
4x3,12,109,Exact_MILP,6053.88,0.0,1.0,True,0.03514,0.0,0.0,1
4x3,12,109,Random_Sampler,6172.6,118.72,0.002,True,0.07372,0.0,0.0,1000
4x3,12,109,Simulated_Annealing,6054.17,0.29,0.0,True,0.00635,0.0,0.0,684
4x3,12,109,QAOA_p1,6150.72,96.84,0.002,True,0.663,19.0,0.0,20
4x3,12,127,Exact_MILP,6053.88,0.0,1.0,True,0.03524,0.0,0.0,1
4x3,12,127,Random_Sampler,6053.88,0.0,0.006,True,0.07634,0.0,0.0,1000
4x3,12,127,Simulated_Annealing,6054.17,0.29,0.0,True,0.00602,0.0,0.0,684
4x3,12,127,QAOA_p1,6123.87,69.99,0.0059,True,0.7263,19.0,0.0,19
5x3,15,11,Exact_MILP,7640.5,0.0,1.0,True,0.04094,0.0,0.0,1
5x3,15,11,Random_Sampler,7640.5,0.0,0.0,True,0.08323,0.0,0.0,1000
5x3,15,11,Simulated_Annealing,7640.79,0.29,0.0,True,0.00588,0.0,0.0,684
5x3,15,11,QAOA_p1,7641.01,0.51,0.001,True,0.9691,23.0,0.0,20
5x3,15,23,Exact_MILP,7640.5,0.0,1.0,True,0.03455,0.0,0.0,1
5x3,15,23,Random_Sampler,7760.08,119.58,0.0,True,0.08973,0.0,0.0,1000
5x3,15,23,Simulated_Annealing,7640.79,0.29,0.0,True,0.00624,0.0,0.0,684
5x3,15,23,QAOA_p1,7679.51,39.01,0.002,True,0.9645,23.0,0.0,20
5x3,15,37,Exact_MILP,7640.5,0.0,1.0,True,0.03415,0.0,0.0,1
5x3,15,37,Random_Sampler,7640.79,0.29,0.0,True,0.08309,0.0,0.0,1000
5x3,15,37,Simulated_Annealing,7640.79,0.29,0.0,True,0.00699,0.0,0.0,684
5x3,15,37,QAOA_p1,7640.5,0.0,0.0,True,1.0299,23.0,0.0,19
5x3,15,42,Exact_MILP,7640.5,0.0,1.0,True,0.03612,0.0,0.0,1
5x3,15,42,Random_Sampler,7640.5,0.0,0.0,True,0.07999,0.0,0.0,1000
5x3,15,42,Simulated_Annealing,7640.79,0.29,0.0,True,0.00629,0.0,0.0,684
5x3,15,42,QAOA_p1,7650.01,9.51,0.0029,True,1.0397,23.0,0.0,19
5x3,15,59,Exact_MILP,7640.5,0.0,1.0,True,0.03528,0.0,0.0,1
5x3,15,59,Random_Sampler,7641.01,0.51,0.0,True,0.09067,0.0,0.0,1000
5x3,15,59,Simulated_Annealing,7640.79,0.29,0.0,True,0.00576,0.0,0.0,684
5x3,15,59,QAOA_p1,7670.11,29.61,0.001,True,0.9545,23.0,0.0,20
5x3,15,71,Exact_MILP,7640.5,0.0,1.0,True,0.03441,0.0,0.0,1
5x3,15,71,Random_Sampler,7641.01,0.51,0.0,True,0.08823,0.0,0.0,1000
5x3,15,71,Simulated_Annealing,7640.79,0.29,0.0,True,0.00586,0.0,0.0,684
5x3,15,71,QAOA_p1,7654.2,13.7,0.0,True,0.9668,23.0,0.0,20
5x3,15,83,Exact_MILP,7640.5,0.0,1.0,True,0.03734,0.0,0.0,1
5x3,15,83,Random_Sampler,7640.5,0.0,0.0,True,0.08064,0.0,0.0,1000
5x3,15,83,Simulated_Annealing,7640.79,0.29,0.0,True,0.00573,0.0,0.0,684
5x3,15,83,QAOA_p1,7641.01,0.51,0.0059,True,0.9108,23.0,0.0,19
5x3,15,97,Exact_MILP,7640.5,0.0,1.0,True,0.0354,0.0,0.0,1
5x3,15,97,Random_Sampler,7640.79,0.29,0.0,True,0.08082,0.0,0.0,1000
5x3,15,97,Simulated_Annealing,7640.79,0.29,0.0,True,0.00569,0.0,0.0,684
5x3,15,97,QAOA_p1,7690.09,49.59,0.001,True,0.9302,23.0,0.0,20
5x3,15,109,Exact_MILP,7640.5,0.0,1.0,True,0.03604,0.0,0.0,1
5x3,15,109,Random_Sampler,7693.81,53.31,0.003,True,0.10293,0.0,0.0,1000
5x3,15,109,Simulated_Annealing,7640.79,0.29,0.0,True,0.0074,0.0,0.0,684
5x3,15,109,QAOA_p1,7658.9,18.4,0.0039,True,0.9813,23.0,0.0,20
5x3,15,127,Exact_MILP,7640.5,0.0,1.0,True,0.03485,0.0,0.0,1
5x3,15,127,Random_Sampler,7641.01,0.51,0.002,True,0.0855,0.0,0.0,1000
5x3,15,127,Simulated_Annealing,7640.79,0.29,0.0,True,0.00573,0.0,0.0,684
5x3,15,127,QAOA_p1,7658.9,18.4,0.001,True,1.0026,23.0,0.0,20
6x3,18,11,Exact_MILP,9362.38,0.0,1.0,True,0.03167,0.0,0.0,1
6x3,18,11,Random_Sampler,9371.89,9.51,0.001,True,0.0948,0.0,0.0,1000
6x3,18,11,Simulated_Annealing,9362.67,0.29,0.0,True,0.00651,0.0,0.0,684
6x3,18,11,QAOA_p1,9498.87,136.49,0.001,True,1.3419,27.0,0.0,20
6x3,18,23,Exact_MILP,9362.38,0.0,1.0,True,0.03278,0.0,0.0,1
6x3,18,23,Random_Sampler,9471.78,109.4,0.0,True,0.09381,0.0,0.0,1000
6x3,18,23,Simulated_Annealing,9362.67,0.29,0.0,True,0.00594,0.0,0.0,684
6x3,18,23,QAOA_p1,9371.95,9.57,0.001,True,1.2977,27.0,0.0,19
6x3,18,37,Exact_MILP,9362.38,0.0,1.0,True,0.0328,0.0,0.0,1
6x3,18,37,Random_Sampler,9471.78,109.4,0.001,True,0.09455,0.0,0.0,1000
6x3,18,37,Simulated_Annealing,9362.67,0.29,0.0,True,0.00574,0.0,0.0,684
6x3,18,37,QAOA_p1,9471.78,109.4,0.0,True,1.3518,27.0,0.0,20
6x3,18,42,Exact_MILP,9362.38,0.0,1.0,True,0.03807,0.0,0.0,1
6x3,18,42,Random_Sampler,9489.34,126.96,0.001,True,0.09109,0.0,0.0,1000
6x3,18,42,Simulated_Annealing,9362.67,0.29,0.0,True,0.00593,0.0,0.0,684
6x3,18,42,QAOA_p1,9362.67,0.29,0.001,True,1.2588,27.0,0.0,20
6x3,18,59,Exact_MILP,9362.38,0.0,1.0,True,0.034,0.0,0.0,1
6x3,18,59,Random_Sampler,9565.18,202.8,0.001,True,0.09435,0.0,0.0,1000
6x3,18,59,Simulated_Annealing,9362.67,0.29,0.0,True,0.00576,0.0,0.0,684
6x3,18,59,QAOA_p1,9502.08,139.7,0.0,True,1.3025,27.0,0.0,20
6x3,18,71,Exact_MILP,9362.38,0.0,1.0,True,0.04092,0.0,0.0,1
6x3,18,71,Random_Sampler,9362.89,0.51,0.0,True,0.09728,0.0,0.0,1000
6x3,18,71,Simulated_Annealing,9362.67,0.29,0.0,True,0.0058,0.0,0.0,684
6x3,18,71,QAOA_p1,9452.0,89.62,0.0029,True,1.3804,27.0,0.0,20
6x3,18,83,Exact_MILP,9362.38,0.0,1.0,True,0.03484,0.0,0.0,1
6x3,18,83,Random_Sampler,9405.86,43.48,0.001,True,0.09786,0.0,0.0,1000
6x3,18,83,Simulated_Annealing,9362.67,0.29,0.0,True,0.00607,0.0,0.0,684
6x3,18,83,QAOA_p1,9362.67,0.29,0.0,True,1.3608,27.0,0.0,20
6x3,18,97,Exact_MILP,9362.38,0.0,1.0,True,0.03479,0.0,0.0,1
6x3,18,97,Random_Sampler,9362.67,0.29,0.0,True,0.0955,0.0,0.0,1000
6x3,18,97,Simulated_Annealing,9362.67,0.29,0.0,True,0.00591,0.0,0.0,684
6x3,18,97,QAOA_p1,9362.67,0.29,0.0,True,1.3602,27.0,0.0,19
6x3,18,109,Exact_MILP,9362.38,0.0,1.0,True,0.03396,0.0,0.0,1
6x3,18,109,Random_Sampler,9441.94,79.56,0.0,True,0.11821,0.0,0.0,1000
6x3,18,109,Simulated_Annealing,9362.67,0.29,0.0,True,0.00607,0.0,0.0,684
6x3,18,109,QAOA_p1,9362.89,0.51,0.0,True,1.3369,27.0,0.0,20
6x3,18,127,Exact_MILP,9362.38,0.0,1.0,True,0.03391,0.0,0.0,1
6x3,18,127,Random_Sampler,9451.28,88.9,0.0,True,0.10518,0.0,0.0,1000
6x3,18,127,Simulated_Annealing,9362.67,0.29,0.0,True,0.00688,0.0,0.0,684
6x3,18,127,QAOA_p1,9371.95,9.57,0.002,True,1.4181,27.0,0.0,20
7x3,21,11,Exact_MILP,10637.58,0.0,1.0,True,0.03074,0.0,0.0,1
7x3,21,11,Random_Sampler,10664.09,26.51,0.0,True,0.11258,0.0,0.0,1000
7x3,21,11,Simulated_Annealing,10638.14,0.56,0.0,True,0.00778,0.0,0.0,684
7x3,21,11,QAOA_p1,10726.53,88.95,0.0,True,3.7673,31.0,0.0,20
7x3,21,23,Exact_MILP,10637.58,0.0,1.0,True,0.03222,0.0,0.0,1
7x3,21,23,Random_Sampler,10829.88,192.3,0.0,True,0.11828,0.0,0.0,1000
7x3,21,23,Simulated_Annealing,10638.14,0.56,0.0,True,0.00676,0.0,0.0,684
7x3,21,23,QAOA_p1,10789.82,152.24,0.0,True,4.1892,31.0,0.0,20
7x3,21,37,Exact_MILP,10637.58,0.0,1.0,True,0.03086,0.0,0.0,1
7x3,21,37,Random_Sampler,10877.37,239.79,0.0,True,0.12376,0.0,0.0,1000
7x3,21,37,Simulated_Annealing,10638.14,0.56,0.0,True,0.0068,0.0,0.0,684
7x3,21,37,QAOA_p1,10734.03,96.45,0.001,True,3.8161,31.0,0.0,20
7x3,21,42,Exact_MILP,10637.58,0.0,1.0,True,0.03144,0.0,0.0,1
7x3,21,42,Random_Sampler,10637.58,0.0,0.0,True,0.10825,0.0,0.0,1000
7x3,21,42,Simulated_Annealing,10638.14,0.56,0.0,True,0.00644,0.0,0.0,684
7x3,21,42,QAOA_p1,10747.49,109.91,0.0,True,3.6296,31.0,0.0,19
7x3,21,59,Exact_MILP,10637.58,0.0,1.0,True,0.03026,0.0,0.0,1
7x3,21,59,Random_Sampler,10790.94,153.36,0.001,True,0.11275,0.0,0.0,1000
7x3,21,59,Simulated_Annealing,10638.14,0.56,0.0,True,0.0063,0.0,0.0,684
7x3,21,59,QAOA_p1,10737.47,99.89,0.0,True,3.9614,31.0,0.0,20
7x3,21,71,Exact_MILP,10637.58,0.0,1.0,True,0.03234,0.0,0.0,1
7x3,21,71,Random_Sampler,10737.18,99.6,0.0,True,0.11742,0.0,0.0,1000
7x3,21,71,Simulated_Annealing,10638.14,0.56,0.0,True,0.00764,0.0,0.0,684
7x3,21,71,QAOA_p1,10737.74,100.16,0.0,True,3.4052,31.0,0.0,18
7x3,21,83,Exact_MILP,10637.58,0.0,1.0,True,0.03132,0.0,0.0,1
7x3,21,83,Random_Sampler,10638.14,0.56,0.0,True,0.12825,0.0,0.0,1000
7x3,21,83,Simulated_Annealing,10638.14,0.56,0.0,True,0.00615,0.0,0.0,684
7x3,21,83,QAOA_p1,10638.14,0.56,0.0,True,3.8002,31.0,0.0,20
7x3,21,97,Exact_MILP,10637.58,0.0,1.0,True,0.03312,0.0,0.0,1
7x3,21,97,Random_Sampler,10756.07,118.49,0.0,True,0.11033,0.0,0.0,1000
7x3,21,97,Simulated_Annealing,10638.14,0.56,0.0,True,0.00582,0.0,0.0,684
7x3,21,97,QAOA_p1,10853.38,215.8,0.001,True,3.8444,31.0,0.0,20
7x3,21,109,Exact_MILP,10637.58,0.0,1.0,True,0.03037,0.0,0.0,1
7x3,21,109,Random_Sampler,10637.87,0.29,0.0,True,0.10839,0.0,0.0,1000
7x3,21,109,Simulated_Annealing,10638.14,0.56,0.0,True,0.00654,0.0,0.0,684
7x3,21,109,QAOA_p1,10835.06,197.48,0.0,True,3.652,31.0,0.0,19
7x3,21,127,Exact_MILP,10637.58,0.0,1.0,True,0.03208,0.0,0.0,1
7x3,21,127,Random_Sampler,10805.16,167.58,0.0,True,0.11024,0.0,0.0,1000
7x3,21,127,Simulated_Annealing,10638.14,0.56,0.0,True,0.00683,0.0,0.0,684
7x3,21,127,QAOA_p1,10716.6,79.02,0.0,True,4.0728,31.0,0.0,20
8x3,24,11,Exact_MILP,12261.88,0.0,1.0,True,0.05524,0.0,0.0,1
8x3,24,11,Random_Sampler,12594.43,332.55,0.001,True,0.1239,0.0,0.0,1000
8x3,24,11,Simulated_Annealing,12262.44,0.56,0.0,True,0.00582,0.0,0.0,684
8x3,24,11,QAOA_p1,12262.44,0.56,0.0,True,25.0654,35.0,0.0,20
8x3,24,23,Exact_MILP,12261.88,0.0,1.0,True,0.03008,0.0,0.0,1
8x3,24,23,Random_Sampler,12262.44,0.56,0.0,True,0.11698,0.0,0.0,1000
8x3,24,23,Simulated_Annealing,12262.44,0.56,0.0,True,0.00804,0.0,0.0,684
8x3,24,23,QAOA_p1,12262.44,0.56,0.0,True,23.9351,35.0,0.0,20
8x3,24,37,Exact_MILP,12261.88,0.0,1.0,True,0.03096,0.0,0.0,1
8x3,24,37,Random_Sampler,12410.19,148.31,0.0,True,0.12892,0.0,0.0,1000
8x3,24,37,Simulated_Annealing,12262.44,0.56,0.0,True,0.00586,0.0,0.0,684
8x3,24,37,QAOA_p1,12379.97,118.09,0.001,True,25.608,35.0,0.0,20
8x3,24,42,Exact_MILP,12261.88,0.0,1.0,True,0.04003,0.0,0.0,1
8x3,24,42,Random_Sampler,12371.55,109.67,0.0,True,0.12918,0.0,0.0,1000
8x3,24,42,Simulated_Annealing,12262.44,0.56,0.0,True,0.0058,0.0,0.0,684
8x3,24,42,QAOA_p1,12271.74,9.86,0.0,True,22.761,35.0,0.0,17
8x3,24,59,Exact_MILP,12261.88,0.0,1.0,True,0.03994,0.0,0.0,1
8x3,24,59,Random_Sampler,12261.88,0.0,0.0,True,0.12484,0.0,0.0,1000
8x3,24,59,Simulated_Annealing,12262.44,0.56,0.0,True,0.00635,0.0,0.0,684
8x3,24,59,QAOA_p1,12271.74,9.86,0.0,True,24.3435,35.0,0.0,19
8x3,24,71,Exact_MILP,12261.88,0.0,1.0,True,0.03582,0.0,0.0,1
8x3,24,71,Random_Sampler,12458.02,196.14,0.001,True,0.11378,0.0,0.0,1000
8x3,24,71,Simulated_Annealing,12262.44,0.56,0.0,True,0.00575,0.0,0.0,684
8x3,24,71,QAOA_p1,12313.97,52.09,0.0,True,21.6547,35.0,0.0,17
8x3,24,83,Exact_MILP,12261.88,0.0,1.0,True,0.03274,0.0,0.0,1
8x3,24,83,Random_Sampler,12284.42,22.54,0.0,True,0.1423,0.0,0.0,1000
8x3,24,83,Simulated_Annealing,12262.44,0.56,0.0,True,0.00755,0.0,0.0,684
8x3,24,83,QAOA_p1,12291.91,30.03,0.0,True,25.4993,35.0,0.0,20
8x3,24,97,Exact_MILP,12261.88,0.0,1.0,True,0.03429,0.0,0.0,1
8x3,24,97,Random_Sampler,12375.62,113.74,0.0,True,0.13337,0.0,0.0,1000
8x3,24,97,Simulated_Annealing,12262.44,0.56,0.0,True,0.00613,0.0,0.0,684
8x3,24,97,QAOA_p1,12271.74,9.86,0.0,True,25.9525,35.0,0.0,20
8x3,24,109,Exact_MILP,12261.88,0.0,1.0,True,0.03444,0.0,0.0,1
8x3,24,109,Random_Sampler,12418.91,157.03,0.0,True,0.13481,0.0,0.0,1000
8x3,24,109,Simulated_Annealing,12262.44,0.56,0.0,True,0.00604,0.0,0.0,684
8x3,24,109,QAOA_p1,12417.27,155.39,0.0,True,24.8214,35.0,0.0,19
8x3,24,127,Exact_MILP,12261.88,0.0,1.0,True,0.03525,0.0,0.0,1
8x3,24,127,Random_Sampler,12271.39,9.51,0.0,True,0.11705,0.0,0.0,1000
8x3,24,127,Simulated_Annealing,12262.44,0.56,0.0,True,0.006,0.0,0.0,684
8x3,24,127,QAOA_p1,12318.13,56.25,0.0,True,25.7567,35.0,0.0,20
10x5,50,11,Exact_MILP,15117.12,0.0,1.0,True,0.08407,,,1
10x5,50,11,Random_Sampler,15314.37,197.25,0.0,True,0.24286,,,1000
10x5,50,11,Simulated_Annealing,15436.44,319.32,0.0,True,0.00792,,,684
10x5,50,23,Exact_MILP,15117.12,0.0,1.0,True,0.08802,,,1
10x5,50,23,Random_Sampler,15374.13,257.01,0.0,True,0.23869,,,1000
10x5,50,23,Simulated_Annealing,15436.44,319.32,0.0,True,0.00729,,,684
10x5,50,37,Exact_MILP,15117.12,0.0,1.0,True,0.08825,,,1
10x5,50,37,Random_Sampler,15334.67,217.55,0.0,True,0.24134,,,1000
10x5,50,37,Simulated_Annealing,15436.44,319.32,0.0,True,0.00622,,,684
10x5,50,42,Exact_MILP,15117.12,0.0,1.0,True,0.13236,,,1
10x5,50,42,Random_Sampler,15424.0,306.88,0.0,True,0.23255,,,1000
10x5,50,42,Simulated_Annealing,15436.44,319.32,0.0,True,0.00661,,,684
10x5,50,59,Exact_MILP,15117.12,0.0,1.0,True,0.08463,,,1
10x5,50,59,Random_Sampler,15442.28,325.16,0.0,True,0.24691,,,1000
10x5,50,59,Simulated_Annealing,15436.44,319.32,0.0,True,0.00691,,,684
10x5,50,71,Exact_MILP,15117.12,0.0,1.0,True,0.09314,,,1
10x5,50,71,Random_Sampler,15263.43,146.31,0.0,True,0.23388,,,1000
10x5,50,71,Simulated_Annealing,15436.44,319.32,0.0,True,0.00726,,,684
10x5,50,83,Exact_MILP,15117.12,0.0,1.0,True,0.09543,,,1
10x5,50,83,Random_Sampler,15317.22,200.1,0.0,True,0.22638,,,1000
10x5,50,83,Simulated_Annealing,15436.44,319.32,0.0,True,0.0061,,,684
10x5,50,97,Exact_MILP,15117.12,0.0,1.0,True,0.08688,,,1
10x5,50,97,Random_Sampler,15336.39,219.27,0.0,True,0.25107,,,1000
10x5,50,97,Simulated_Annealing,15436.44,319.32,0.0,True,0.00625,,,684
10x5,50,109,Exact_MILP,15117.12,0.0,1.0,True,0.08057,,,1
10x5,50,109,Random_Sampler,15321.37,204.25,0.0,True,0.23776,,,1000
10x5,50,109,Simulated_Annealing,15436.44,319.32,0.0,True,0.00722,,,684
10x5,50,127,Exact_MILP,15117.12,0.0,1.0,True,0.08464,,,1
10x5,50,127,Random_Sampler,15332.35,215.23,0.0,True,0.24468,,,1000
10x5,50,127,Simulated_Annealing,15436.44,319.32,0.0,True,0.00624,,,684
20x8,160,11,Exact_MILP,25411.76,0.0,1.0,True,24.47741,,,1
20x8,160,11,Random_Sampler,25858.76,447.0,0.0,True,0.75558,,,1000
20x8,160,11,Simulated_Annealing,25852.25,440.49,0.0,True,0.01224,,,684
20x8,160,23,Exact_MILP,25411.76,0.0,1.0,True,25.01008,,,1
20x8,160,23,Random_Sampler,26028.5,616.74,0.0,True,0.76195,,,1000
20x8,160,23,Simulated_Annealing,25852.25,440.49,0.0,True,0.0092,,,684
20x8,160,37,Exact_MILP,25411.76,0.0,1.0,True,24.46502,,,1
20x8,160,37,Random_Sampler,25852.25,440.49,0.0,True,0.74797,,,1000
20x8,160,37,Simulated_Annealing,25932.6,520.84,0.0,True,0.01477,,,684
20x8,160,42,Exact_MILP,25411.76,0.0,1.0,True,24.49314,,,1
20x8,160,42,Random_Sampler,25840.86,429.1,0.0,True,0.7006,,,1000
20x8,160,42,Simulated_Annealing,25737.41,325.65,0.0,True,0.00973,,,684
20x8,160,59,Exact_MILP,25411.76,0.0,1.0,True,23.96396,,,1
20x8,160,59,Random_Sampler,25599.36,187.6,0.0,True,0.72561,,,1000
20x8,160,59,Simulated_Annealing,25852.25,440.49,0.0,True,0.00908,,,684
20x8,160,71,Exact_MILP,25411.76,0.0,1.0,True,24.46003,,,1
20x8,160,71,Random_Sampler,25727.92,316.16,0.0,True,0.73435,,,1000
20x8,160,71,Simulated_Annealing,26085.42,673.66,0.0,True,0.0096,,,684
20x8,160,83,Exact_MILP,25411.76,0.0,1.0,True,24.26477,,,1
20x8,160,83,Random_Sampler,26000.85,589.09,0.0,True,0.77519,,,1000
20x8,160,83,Simulated_Annealing,25852.25,440.49,0.0,True,0.01227,,,684
20x8,160,97,Exact_MILP,25411.76,0.0,1.0,True,24.26306,,,1
20x8,160,97,Random_Sampler,25892.48,480.72,0.0,True,0.7571,,,1000
20x8,160,97,Simulated_Annealing,25852.25,440.49,0.0,True,0.0104,,,684
20x8,160,109,Exact_MILP,25411.76,0.0,1.0,True,23.71127,,,1
20x8,160,109,Random_Sampler,25965.53,553.77,0.0,True,0.73459,,,1000
20x8,160,109,Simulated_Annealing,25852.25,440.49,0.0,True,0.00858,,,684
20x8,160,127,Exact_MILP,25411.76,0.0,1.0,True,23.94387,,,1
20x8,160,127,Random_Sampler,25869.08,457.32,0.0,True,0.75237,,,1000
20x8,160,127,Simulated_Annealing,25852.25,440.49,0.0,True,0.00983,,,684
